{
    "arxiv_belonging": "1",
    "reference_country_count": [
        {
            "Choice": "1",
            "Count": 27
        },
        {
            "Choice": "2",
            "Count": 5
        },
        {
            "Choice": "3",
            "Count": 2
        },
        {
            "Choice": "4",
            "Count": 0
        },
        {
            "Choice": "5",
            "Count": 0
        },
        {
            "Choice": "6",
            "Count": 0
        },
        {
            "Choice": "7",
            "Count": 0
        },
        {
            "Choice": "8",
            "Count": 0
        },
        {
            "Choice": "9",
            "Count": 0
        },
        {
            "Choice": "10",
            "Count": 0
        },
        {
            "Choice": "11",
            "Count": 0
        },
        {
            "Choice": "12",
            "Count": 0
        },
        {
            "Choice": "13",
            "Count": 0
        },
        {
            "Choice": "14",
            "Count": 0
        },
        {
            "Choice": "15",
            "Count": 0
        },
        {
            "Choice": "16",
            "Count": 0
        },
        {
            "Choice": "17",
            "Count": 0
        },
        {
            "Choice": "18",
            "Count": 0
        },
        {
            "Choice": "19",
            "Count": 0
        },
        {
            "Choice": "20",
            "Count": 0
        },
        {
            "Choice": "21",
            "Count": 0
        },
        {
            "Choice": "22",
            "Count": 0
        },
        {
            "Choice": "23",
            "Count": 0
        },
        {
            "Choice": "24",
            "Count": 0
        },
        {
            "Choice": "25",
            "Count": 0
        },
        {
            "Choice": "26",
            "Count": 0
        },
        {
            "Choice": "27",
            "Count": 18
        }
    ]
}